timestamp,symbol,regime,confidence,playbook,stance,direction,entry_price,position_size_usd,leverage,stop_loss,take_profit,exit_price,realized_pnl,running_balance,reason
2026-06-24T10:15:58.858462+00:00,BTCUSDT,BEARISH,0.881,trend_following_short,TRADE,LONG,65000.0,600.0,4,63050.0,68900.0,68900.0,144.0,10144.0,"regime BEARISH confidence 0.88, account healthy -> TRADE at default risk budget"
2026-06-24T10:15:58.859420+00:00,BTCUSDT,BULLISH,0.9996,trend_following_long,TRADE,LONG,68900.0,811.52,5,66833.0,73034.0,73034.0,243.46,10387.46,"regime BULLISH confidence 1.00, account healthy -> TRADE at default risk budget"
2026-06-24T10:15:58.861483+00:00,BTCUSDT,BEARISH,0.7412,trend_following_short,TRADE,LONG,73034.0,623.25,4,70842.98,77416.04,70842.98,-74.79,10312.67,"regime BEARISH confidence 0.74, account healthy -> TRADE at default risk budget"
2026-06-24T10:15:58.867713+00:00,BTCUSDT,BULLISH,0.6188,trend_following_long,TRADE,NONE,,,,,,,,10312.669999999998,"regime BULLISH confidence 0.62, account healthy -> TRADE at default risk budget; playbook trend_following_long emitted no signal"
2026-06-24T10:15:58.868694+00:00,BTCUSDT,CHOPPY,0.5,mean_reversion_range,REDUCE,NONE,,,,,,,,10312.669999999998,regime CHOPPY confidence 0.50 below 0.6 -> REDUCE; playbook mean_reversion_range emitted no signal
2026-06-24T10:15:58.868694+00:00,BTCUSDT,TRANSITIONING,0.9,NONE,PAUSE,NONE,,,,,,,,10312.669999999998,"regime TRANSITIONING (news_shock_flag triggered forced TRANSITIONING) -> PAUSE, no playbook trusted"
2026-06-24T10:15:58.869749+00:00,BTCUSDT,BULLISH,0.773,trend_following_long,TRADE,LONG,70842.98,825.01,5,68717.6906,75093.5588,75093.5588,247.5,10560.17,"regime BULLISH confidence 0.77, account healthy -> TRADE at default risk budget"
2026-06-24T10:15:58.869749+00:00,BTCUSDT,BEARISH,0.8098,trend_following_short,TRADE,NONE,,,,,,,,10560.169999999998,"regime BEARISH confidence 0.81, account healthy -> TRADE at default risk budget; playbook trend_following_short emitted no signal"
2026-06-24T10:15:58.870748+00:00,BTCUSDT,TRANSITIONING,0.9,NONE,PAUSE,NONE,,,,,,,,10560.169999999998,"regime TRANSITIONING (news_shock_flag triggered forced TRANSITIONING) -> PAUSE, no playbook trusted"
2026-06-24T10:15:58.870748+00:00,BTCUSDT,CHOPPY,0.5,mean_reversion_range,REDUCE,LONG,75093.5588,132.0,2,72840.752,79599.1723,72840.752,-7.92,10552.25,regime CHOPPY confidence 0.50 below 0.6 -> REDUCE
2026-06-24T10:15:58.870748+00:00,BTCUSDT,BULLISH,0.5608,trend_following_long,REDUCE,LONG,72840.752,422.09,5,70655.5294,77211.1971,77211.1971,126.63,10678.88,regime BULLISH confidence 0.56 below 0.6 -> REDUCE
2026-06-24T10:15:58.871750+00:00,BTCUSDT,BEARISH,0.9256,trend_following_short,TRADE,NONE,,,,,,,,10678.879999999997,"regime BEARISH confidence 0.93, account healthy -> TRADE at default risk budget; playbook trend_following_short emitted no signal"
2026-06-24T10:15:58.872754+00:00,BTCUSDT,CHOPPY,0.657,mean_reversion_range,TRADE,LONG,77211.1971,266.97,2,74894.8612,81843.8689,81843.8689,32.04,10710.92,"regime CHOPPY confidence 0.66, account healthy -> TRADE at default risk budget"
2026-06-24T10:15:58.872754+00:00,BTCUSDT,BULLISH,0.6726,trend_following_long,TRADE,SHORT,81843.8689,856.87,5,84299.185,76933.2368,84299.185,-128.53,10582.39,"regime BULLISH confidence 0.67, account healthy -> TRADE at default risk budget"
2026-06-24T10:15:58.873755+00:00,BTCUSDT,CHOPPY,0.5,mean_reversion_range,REDUCE,NONE,,,,,,,,10582.389999999998,regime CHOPPY confidence 0.50 below 0.6 -> REDUCE; playbook mean_reversion_range emitted no signal
2026-06-24T10:15:58.873755+00:00,BTCUSDT,BULLISH,0.9158000000000001,trend_following_long,TRADE,LONG,84299.185,846.59,5,81770.2094,89357.1361,89357.1361,253.98,10836.37,"regime BULLISH confidence 0.92, account healthy -> TRADE at default risk budget"
2026-06-24T10:15:58.874759+00:00,BTCUSDT,BULLISH,0.44439999999999996,trend_following_long,REDUCE,NONE,,,,,,,,10836.369999999997,regime BULLISH confidence 0.44 below 0.6 -> REDUCE; playbook trend_following_long emitted no signal
2026-06-24T10:15:58.875723+00:00,BTCUSDT,CHOPPY,0.5,mean_reversion_range,REDUCE,NONE,,,,,,,,10836.369999999997,regime CHOPPY confidence 0.50 below 0.6 -> REDUCE; playbook mean_reversion_range emitted no signal
2026-06-24T10:15:58.875723+00:00,BTCUSDT,BULLISH,0.629,trend_following_long,TRADE,SHORT,89357.1361,866.91,5,92037.8502,83995.7079,83995.7079,260.07,11096.44,"regime BULLISH confidence 0.63, account healthy -> TRADE at default risk budget"
2026-06-24T10:15:58.876747+00:00,BTCUSDT,BEARISH,0.4264,trend_following_short,REDUCE,NONE,,,,,,,,11096.439999999997,regime BEARISH confidence 0.43 below 0.6 -> REDUCE; playbook trend_following_short emitted no signal
2026-06-24T10:15:58.877715+00:00,BTCUSDT,CHOPPY,0.5,mean_reversion_range,REDUCE,NONE,,,,,,,,11096.439999999997,regime CHOPPY confidence 0.50 below 0.6 -> REDUCE; playbook mean_reversion_range emitted no signal
2026-06-24T10:15:58.877715+00:00,BTCUSDT,BULLISH,0.6374,trend_following_long,TRADE,LONG,83995.7079,887.72,5,81475.8367,89035.4504,89035.4504,266.32,11362.76,"regime BULLISH confidence 0.64, account healthy -> TRADE at default risk budget"
2026-06-24T10:15:58.878719+00:00,BTCUSDT,BULLISH,0.7658,trend_following_long,TRADE,NONE,,,,,,,,11362.759999999997,"regime BULLISH confidence 0.77, account healthy -> TRADE at default risk budget; playbook trend_following_long emitted no signal"
2026-06-24T10:15:58.878719+00:00,BTCUSDT,TRANSITIONING,0.9,NONE,PAUSE,NONE,,,,,,,,11362.759999999997,"regime TRANSITIONING (news_shock_flag triggered forced TRANSITIONING) -> PAUSE, no playbook trusted"
2026-06-24T10:15:58.878719+00:00,BTCUSDT,BULLISH,0.6308,trend_following_long,TRADE,SHORT,89035.4504,909.02,5,91706.5139,83693.3234,83693.3234,272.71,11635.47,"regime BULLISH confidence 0.63, account healthy -> TRADE at default risk budget"
2026-06-24T10:15:58.879757+00:00,BTCUSDT,CHOPPY,0.5,mean_reversion_range,REDUCE,SHORT,83693.3234,145.44,2,86204.1231,78671.724,78671.724,17.45,11652.92,regime CHOPPY confidence 0.50 below 0.6 -> REDUCE
2026-06-24T10:15:58.879757+00:00,BTCUSDT,BEARISH,0.7272000000000001,trend_following_short,TRADE,SHORT,78671.724,699.18,4,81031.8757,73951.4206,81031.8757,-83.9,11569.02,"regime BEARISH confidence 0.73, account healthy -> TRADE at default risk budget"
2026-06-24T10:15:58.880996+00:00,BTCUSDT,BULLISH,1.0,trend_following_long,TRADE,NONE,,,,,,,,11569.019999999997,"regime BULLISH confidence 1.00, account healthy -> TRADE at default risk budget; playbook trend_following_long emitted no signal"
2026-06-24T10:15:58.880996+00:00,BTCUSDT,CHOPPY,0.5,mean_reversion_range,REDUCE,LONG,81031.8757,144.61,2,78600.9194,85893.7882,85893.7882,17.35,11586.37,regime CHOPPY confidence 0.50 below 0.6 -> REDUCE
2026-06-24T10:15:58.881907+00:00,BTCUSDT,BEARISH,0.46939999999999993,trend_following_short,REDUCE,LONG,85893.7882,347.59,4,83316.9746,91047.4155,91047.4155,83.42,11669.79,regime BEARISH confidence 0.47 below 0.6 -> REDUCE
2026-06-24T10:15:58.881907+00:00,BTCUSDT,CHOPPY,0.5,mean_reversion_range,REDUCE,SHORT,91047.4155,145.87,2,93778.838,85584.5706,93778.838,-8.75,11661.04,regime CHOPPY confidence 0.50 below 0.6 -> REDUCE
2026-06-24T10:15:58.881907+00:00,BTCUSDT,CHOPPY,0.5,mean_reversion_range,REDUCE,NONE,,,,,,,,11661.039999999997,regime CHOPPY confidence 0.50 below 0.6 -> REDUCE; playbook mean_reversion_range emitted no signal
2026-06-24T10:15:58.882908+00:00,BTCUSDT,BULLISH,0.5452,trend_following_long,REDUCE,LONG,93778.838,466.44,5,90965.4729,99405.5683,90965.4729,-69.97,11591.07,regime BULLISH confidence 0.55 below 0.6 -> REDUCE
2026-06-24T10:15:58.882908+00:00,BTCUSDT,BEARISH,0.46599999999999997,trend_following_short,REDUCE,NONE,,,,,,,,11591.069999999998,regime BEARISH confidence 0.47 below 0.6 -> REDUCE; playbook trend_following_short emitted no signal
2026-06-24T10:15:58.883948+00:00,BTCUSDT,CHOPPY,0.5,mean_reversion_range,REDUCE,LONG,90965.4729,144.89,2,88236.5087,96423.4013,88236.5087,-8.69,11582.38,regime CHOPPY confidence 0.50 below 0.6 -> REDUCE
2026-06-24T10:15:58.883948+00:00,BTCUSDT,BEARISH,0.903,trend_following_short,REDUCE,SHORT,88236.5087,347.47,2,90883.604,82942.3182,82942.3182,41.7,11624.08,3 consecutive losses >= limit 3 -> REDUCE risk budget
2026-06-24T10:15:58.885003+00:00,BTCUSDT,TRANSITIONING,0.9,NONE,PAUSE,NONE,,,,,,,,11624.079999999998,"regime TRANSITIONING (news_shock_flag triggered forced TRANSITIONING) -> PAUSE, no playbook trusted"
2026-06-24T10:15:58.885003+00:00,BTCUSDT,BEARISH,0.5762,trend_following_short,REDUCE,NONE,,,,,,,,11624.079999999998,regime BEARISH confidence 0.58 below 0.6 -> REDUCE; playbook trend_following_short emitted no signal
2026-06-24T10:15:58.885963+00:00,BTCUSDT,TRANSITIONING,0.9,NONE,PAUSE,NONE,,,,,,,,11624.079999999998,"regime TRANSITIONING (news_shock_flag triggered forced TRANSITIONING) -> PAUSE, no playbook trusted"
2026-06-24T10:15:58.885963+00:00,BTCUSDT,TRANSITIONING,0.9,NONE,PAUSE,NONE,,,,,,,,11624.079999999998,"regime TRANSITIONING (news_shock_flag triggered forced TRANSITIONING) -> PAUSE, no playbook trusted"
2026-06-24T10:15:58.886944+00:00,BTCUSDT,BULLISH,0.7854000000000001,trend_following_long,TRADE,LONG,82942.3182,929.93,5,80454.0487,87918.8573,80454.0487,-139.49,11484.59,"regime BULLISH confidence 0.79, account healthy -> TRADE at default risk budget"
2026-06-24T10:15:58.886944+00:00,BTCUSDT,TRANSITIONING,0.9,NONE,PAUSE,NONE,,,,,,,,11484.589999999998,"regime TRANSITIONING (news_shock_flag triggered forced TRANSITIONING) -> PAUSE, no playbook trusted"
2026-06-24T10:15:58.887938+00:00,BTCUSDT,BEARISH,0.7706,trend_following_short,TRADE,NONE,,,,,,,,11484.589999999998,"regime BEARISH confidence 0.77, account healthy -> TRADE at default risk budget; playbook trend_following_short emitted no signal"
2026-06-24T10:15:58.887938+00:00,BTCUSDT,CHOPPY,0.5,mean_reversion_range,REDUCE,NONE,,,,,,,,11484.589999999998,regime CHOPPY confidence 0.50 below 0.6 -> REDUCE; playbook mean_reversion_range emitted no signal
2026-06-24T10:15:58.887938+00:00,BTCUSDT,BULLISH,0.43,trend_following_long,REDUCE,SHORT,80454.0487,459.38,5,82867.6702,75626.8058,75626.8058,137.81,11622.4,regime BULLISH confidence 0.43 below 0.6 -> REDUCE
2026-06-24T10:15:58.888993+00:00,BTCUSDT,CHOPPY,0.5,mean_reversion_range,REDUCE,SHORT,75626.8058,145.28,2,77895.61,71089.1975,77895.61,-8.72,11613.68,regime CHOPPY confidence 0.50 below 0.6 -> REDUCE
2026-06-24T10:15:58.888993+00:00,BTCUSDT,BEARISH,0.9434,trend_following_short,TRADE,SHORT,77895.61,696.82,4,80232.4783,73221.8734,73221.8734,167.24,11780.92,"regime BEARISH confidence 0.94, account healthy -> TRADE at default risk budget"
2026-06-24T10:15:58.889995+00:00,BTCUSDT,BULLISH,0.8154,trend_following_long,TRADE,NONE,,,,,,,,11780.919999999998,"regime BULLISH confidence 0.82, account healthy -> TRADE at default risk budget; playbook trend_following_long emitted no signal"
2026-06-24T10:15:58.889995+00:00,BTCUSDT,BEARISH,0.8822,trend_following_short,TRADE,SHORT,73221.8734,706.86,4,75418.5296,68828.561,68828.561,169.65,11950.57,"regime BEARISH confidence 0.88, account healthy -> TRADE at default risk budget"
2026-06-24T10:15:58.890998+00:00,BTCUSDT,BULLISH,0.8114,trend_following_long,TRADE,LONG,68828.561,956.05,5,66763.7042,72958.2747,72958.2747,286.82,12237.39,"regime BULLISH confidence 0.81, account healthy -> TRADE at default risk budget"
2026-06-24T10:15:58.891998+00:00,BTCUSDT,BEARISH,0.8586,trend_following_short,TRADE,SHORT,72958.2747,734.24,4,75147.0229,68580.7782,68580.7782,176.22,12413.61,"regime BEARISH confidence 0.86, account healthy -> TRADE at default risk budget"
2026-06-24T10:15:58.892899+00:00,BTCUSDT,CHOPPY,0.5,mean_reversion_range,REDUCE,NONE,,,,,,,,12413.609999999997,regime CHOPPY confidence 0.50 below 0.6 -> REDUCE; playbook mean_reversion_range emitted no signal
2026-06-24T10:15:58.892899+00:00,BTCUSDT,BEARISH,1.0,trend_following_short,TRADE,LONG,68580.7782,744.82,4,66523.3549,72695.6249,66523.3549,-89.38,12324.23,"regime BEARISH confidence 1.00, account healthy -> TRADE at default risk budget"
2026-06-24T10:15:58.893901+00:00,BTCUSDT,CHOPPY,0.5,mean_reversion_range,REDUCE,LONG,66523.3549,154.05,2,64527.6543,70514.7562,70514.7562,18.49,12342.72,regime CHOPPY confidence 0.50 below 0.6 -> REDUCE
2026-06-24T10:15:58.893901+00:00,BTCUSDT,CHOPPY,0.5,mean_reversion_range,REDUCE,NONE,,,,,,,,12342.719999999998,regime CHOPPY confidence 0.50 below 0.6 -> REDUCE; playbook mean_reversion_range emitted no signal
2026-06-24T10:15:58.894904+00:00,BTCUSDT,CHOPPY,0.5,mean_reversion_range,REDUCE,LONG,70514.7562,154.28,2,68399.3135,74745.6416,68399.3135,-9.26,12333.46,regime CHOPPY confidence 0.50 below 0.6 -> REDUCE
2026-06-24T10:15:58.895907+00:00,BTCUSDT,BULLISH,1.0,trend_following_long,TRADE,NONE,,,,,,,,12333.459999999997,"regime BULLISH confidence 1.00, account healthy -> TRADE at default risk budget; playbook trend_following_long emitted no signal"
2026-06-24T10:15:58.895907+00:00,BTCUSDT,CHOPPY,0.5,mean_reversion_range,REDUCE,LONG,68399.3135,154.17,2,66347.3341,72503.2723,66347.3341,-9.25,12324.21,regime CHOPPY confidence 0.50 below 0.6 -> REDUCE
2026-06-24T10:15:58.896938+00:00,BTCUSDT,BEARISH,0.6334,trend_following_short,TRADE,SHORT,66347.3341,739.45,4,68337.7541,62366.4941,62366.4941,177.47,12501.68,"regime BEARISH confidence 0.63, account healthy -> TRADE at default risk budget"
2026-06-24T10:15:58.896938+00:00,BTCUSDT,CHOPPY,0.5,mean_reversion_range,REDUCE,LONG,62366.4941,156.27,2,60495.4993,66108.4837,60495.4993,-9.38,12492.3,regime CHOPPY confidence 0.50 below 0.6 -> REDUCE
2026-06-24T10:15:58.896938+00:00,BTCUSDT,CHOPPY,0.5,mean_reversion_range,REDUCE,SHORT,60495.4993,156.15,2,62310.3643,56865.7693,56865.7693,18.74,12511.04,regime CHOPPY confidence 0.50 below 0.6 -> REDUCE
2026-06-24T10:15:58.897992+00:00,BTCUSDT,BEARISH,0.5528000000000001,trend_following_short,REDUCE,LONG,56865.7693,375.33,4,55159.7962,60277.7155,60277.7155,90.08,12601.12,regime BEARISH confidence 0.55 below 0.6 -> REDUCE
2026-06-24T10:15:58.897992+00:00,BTCUSDT,CHOPPY,0.5,mean_reversion_range,REDUCE,NONE,,,,,,,,12601.119999999997,regime CHOPPY confidence 0.50 below 0.6 -> REDUCE; playbook mean_reversion_range emitted no signal
2026-06-24T10:15:58.898995+00:00,BTCUSDT,BULLISH,0.8804,trend_following_long,TRADE,SHORT,60277.7155,1008.09,5,62086.047,56661.0526,56661.0526,302.43,12903.55,"regime BULLISH confidence 0.88, account healthy -> TRADE at default risk budget"
2026-06-24T10:15:58.898995+00:00,BTCUSDT,CHOPPY,0.5,mean_reversion_range,REDUCE,LONG,56661.0526,161.29,2,54961.221,60060.7158,54961.221,-9.68,12893.87,regime CHOPPY confidence 0.50 below 0.6 -> REDUCE
2026-06-24T10:15:58.899900+00:00,BTCUSDT,CHOPPY,0.5,mean_reversion_range,REDUCE,LONG,54961.221,161.17,2,53312.3844,58258.8943,58258.8943,19.34,12913.21,regime CHOPPY confidence 0.50 below 0.6 -> REDUCE
2026-06-24T10:15:58.900942+00:00,BTCUSDT,TRANSITIONING,0.9,NONE,PAUSE,NONE,,,,,,,,12913.209999999997,"regime TRANSITIONING (news_shock_flag triggered forced TRANSITIONING) -> PAUSE, no playbook trusted"
2026-06-24T10:15:58.901990+00:00,BTCUSDT,TRANSITIONING,0.9,NONE,PAUSE,NONE,,,,,,,,12913.209999999997,"regime TRANSITIONING (news_shock_flag triggered forced TRANSITIONING) -> PAUSE, no playbook trusted"
2026-06-24T10:15:58.901990+00:00,BTCUSDT,BULLISH,0.5098,trend_following_long,REDUCE,SHORT,58258.8943,516.53,5,60006.6611,54763.3606,54763.3606,154.96,13068.17,regime BULLISH confidence 0.51 below 0.6 -> REDUCE
2026-06-24T10:15:58.902998+00:00,BTCUSDT,BEARISH,0.961,trend_following_short,TRADE,SHORT,54763.3606,784.09,4,56406.2614,51477.559,56406.2614,-94.09,12974.08,"regime BEARISH confidence 0.96, account healthy -> TRADE at default risk budget"
2026-06-24T10:15:58.903910+00:00,BTCUSDT,CHOPPY,0.5,mean_reversion_range,REDUCE,LONG,56406.2614,162.18,2,54714.0736,59790.6371,59790.6371,19.46,12993.54,regime CHOPPY confidence 0.50 below 0.6 -> REDUCE
2026-06-24T10:15:58.903910+00:00,BTCUSDT,CHOPPY,0.5,mean_reversion_range,REDUCE,NONE,,,,,,,,12993.539999999995,regime CHOPPY confidence 0.50 below 0.6 -> REDUCE; playbook mean_reversion_range emitted no signal
2026-06-24T10:15:58.903910+00:00,BTCUSDT,CHOPPY,0.5,mean_reversion_range,REDUCE,NONE,,,,,,,,12993.539999999995,regime CHOPPY confidence 0.50 below 0.6 -> REDUCE; playbook mean_reversion_range emitted no signal
2026-06-24T10:15:58.904902+00:00,BTCUSDT,BULLISH,0.9436,trend_following_long,TRADE,LONG,59790.6371,1039.48,5,57996.918,63378.0753,63378.0753,311.84,13305.38,"regime BULLISH confidence 0.94, account healthy -> TRADE at default risk budget"
2026-06-24T10:15:58.906028+00:00,BTCUSDT,CHOPPY,0.5,mean_reversion_range,REDUCE,SHORT,63378.0753,166.32,2,65279.4176,59575.3908,65279.4176,-9.98,13295.4,regime CHOPPY confidence 0.50 below 0.6 -> REDUCE
2026-06-24T10:15:58.906028+00:00,BTCUSDT,BULLISH,0.5594,trend_following_long,REDUCE,NONE,,,,,,,,13295.399999999996,regime BULLISH confidence 0.56 below 0.6 -> REDUCE; playbook trend_following_long emitted no signal
2026-06-24T10:15:58.906028+00:00,BTCUSDT,BULLISH,0.6698000000000001,trend_following_long,TRADE,SHORT,65279.4176,1063.63,5,67237.8001,61362.6525,67237.8001,-159.54,13135.86,"regime BULLISH confidence 0.67, account healthy -> TRADE at default risk budget"
2026-06-24T10:15:58.907235+00:00,BTCUSDT,BULLISH,0.602,trend_following_long,TRADE,NONE,,,,,,,,13135.859999999995,"regime BULLISH confidence 0.60, account healthy -> TRADE at default risk budget; playbook trend_following_long emitted no signal"
2026-06-24T10:15:58.907235+00:00,BTCUSDT,BULLISH,0.46220000000000006,trend_following_long,REDUCE,LONG,67237.8001,525.43,5,65220.6661,71272.0681,71272.0681,157.63,13293.49,regime BULLISH confidence 0.46 below 0.6 -> REDUCE
2026-06-24T10:15:58.908195+00:00,BTCUSDT,BULLISH,0.7864,trend_following_long,TRADE,NONE,,,,,,,,13293.489999999994,"regime BULLISH confidence 0.79, account healthy -> TRADE at default risk budget; playbook trend_following_long emitted no signal"
2026-06-24T10:15:58.908195+00:00,BTCUSDT,BEARISH,0.416,trend_following_short,REDUCE,NONE,,,,,,,,13293.489999999994,regime BEARISH confidence 0.42 below 0.6 -> REDUCE; playbook trend_following_short emitted no signal
2026-06-24T10:15:58.909136+00:00,BTCUSDT,BEARISH,0.7363999999999999,trend_following_short,TRADE,SHORT,71272.0681,797.61,4,73410.2301,66995.744,73410.2301,-95.71,13197.78,"regime BEARISH confidence 0.74, account healthy -> TRADE at default risk budget"
2026-06-24T10:15:58.910146+00:00,BTCUSDT,BULLISH,0.7396,trend_following_long,TRADE,NONE,,,,,,,,13197.779999999995,"regime BULLISH confidence 0.74, account healthy -> TRADE at default risk budget; playbook trend_following_long emitted no signal"
2026-06-24T10:15:58.910146+00:00,BTCUSDT,BULLISH,0.4502,trend_following_long,REDUCE,SHORT,73410.2301,527.91,5,75612.537,69005.6163,75612.537,-79.19,13118.59,regime BULLISH confidence 0.45 below 0.6 -> REDUCE
2026-06-24T10:15:58.911154+00:00,BTCUSDT,BEARISH,0.8512,trend_following_short,TRADE,LONG,75612.537,787.12,4,73344.1609,80149.2892,73344.1609,-94.45,13024.14,"regime BEARISH confidence 0.85, account healthy -> TRADE at default risk budget"
2026-06-24T10:15:58.912131+00:00,BTCUSDT,CHOPPY,0.5,mean_reversion_range,REDUCE,SHORT,73344.1609,162.8,1,75544.4857,68943.5112,75544.4857,-4.88,13019.26,3 consecutive losses >= limit 3 -> REDUCE risk budget
2026-06-24T10:15:58.913131+00:00,BTCUSDT,TRANSITIONING,0.36860000000000004,NONE,PAUSE,NONE,,,,,,,,13019.259999999995,"regime TRANSITIONING (low confidence (0.37) on BULLISH -> downgraded to TRANSITIONING) -> PAUSE, no playbook trusted"
2026-06-24T10:15:58.913131+00:00,BTCUSDT,TRANSITIONING,0.3982,NONE,PAUSE,NONE,,,,,,,,13019.259999999995,"regime TRANSITIONING (low confidence (0.40) on BULLISH -> downgraded to TRANSITIONING) -> PAUSE, no playbook trusted"
2026-06-24T10:15:58.913131+00:00,BTCUSDT,CHOPPY,0.834,mean_reversion_range,REDUCE,LONG,75544.4857,162.74,1,73278.1511,80077.1548,80077.1548,9.76,13029.02,4 consecutive losses >= limit 3 -> REDUCE risk budget
2026-06-24T10:15:58.914131+00:00,BTCUSDT,BULLISH,0.4756,trend_following_long,REDUCE,LONG,80077.1548,521.16,5,77674.8402,84881.7841,77674.8402,-78.17,12950.85,regime BULLISH confidence 0.48 below 0.6 -> REDUCE
2026-06-24T10:15:58.915143+00:00,BTCUSDT,BEARISH,0.725,trend_following_short,TRADE,NONE,,,,,,,,12950.849999999995,"regime BEARISH confidence 0.72, account healthy -> TRADE at default risk budget; playbook trend_following_short emitted no signal"
2026-06-24T10:15:58.915143+00:00,BTCUSDT,TRANSITIONING,0.3674,NONE,PAUSE,NONE,,,,,,,,12950.849999999995,"regime TRANSITIONING (low confidence (0.37) on BEARISH -> downgraded to TRANSITIONING) -> PAUSE, no playbook trusted"
2026-06-24T10:15:58.916136+00:00,BTCUSDT,BULLISH,0.7784,trend_following_long,TRADE,SHORT,77674.8402,1036.07,5,80005.0854,73014.3498,73014.3498,310.82,13261.67,"regime BULLISH confidence 0.78, account healthy -> TRADE at default risk budget"
2026-06-24T10:15:58.916136+00:00,BTCUSDT,BULLISH,1.0,trend_following_long,TRADE,LONG,73014.3498,1060.93,5,70823.9193,77395.2108,77395.2108,318.28,13579.95,"regime BULLISH confidence 1.00, account healthy -> TRADE at default risk budget"
2026-06-24T10:15:58.917179+00:00,BTCUSDT,BEARISH,0.7294,trend_following_short,TRADE,LONG,77395.2108,814.8,4,75073.3545,82038.9234,75073.3545,-97.78,13482.17,"regime BEARISH confidence 0.73, account healthy -> TRADE at default risk budget"
2026-06-24T10:15:58.917179+00:00,BTCUSDT,BULLISH,0.782,trend_following_long,TRADE,LONG,75073.3545,1078.57,5,72821.1539,79577.7558,79577.7558,323.57,13805.74,"regime BULLISH confidence 0.78, account healthy -> TRADE at default risk budget"
2026-06-24T10:15:58.918236+00:00,BTCUSDT,BEARISH,0.7494000000000001,trend_following_short,TRADE,NONE,,,,,,,,13805.739999999994,"regime BEARISH confidence 0.75, account healthy -> TRADE at default risk budget; playbook trend_following_short emitted no signal"
2026-06-24T10:15:58.918236+00:00,BTCUSDT,CHOPPY,0.5,mean_reversion_range,REDUCE,NONE,,,,,,,,13805.739999999994,regime CHOPPY confidence 0.50 below 0.6 -> REDUCE; playbook mean_reversion_range emitted no signal
2026-06-24T10:15:58.918236+00:00,BTCUSDT,CHOPPY,0.5,mean_reversion_range,REDUCE,SHORT,79577.7558,172.57,2,81965.0885,74803.0905,74803.0905,20.71,13826.45,regime CHOPPY confidence 0.50 below 0.6 -> REDUCE
2026-06-24T10:15:58.918236+00:00,BTCUSDT,TRANSITIONING,0.399,NONE,PAUSE,NONE,,,,,,,,13826.449999999993,"regime TRANSITIONING (low confidence (0.40) on BEARISH -> downgraded to TRANSITIONING) -> PAUSE, no playbook trusted"
2026-06-24T10:15:58.919782+00:00,BTCUSDT,BULLISH,0.8414,trend_following_long,TRADE,LONG,74803.0905,1106.12,5,72558.9978,79291.2759,79291.2759,331.84,14158.29,"regime BULLISH confidence 0.84, account healthy -> TRADE at default risk budget"
2026-06-24T10:15:58.919782+00:00,BTCUSDT,BEARISH,0.8512000000000001,trend_following_short,TRADE,LONG,79291.2759,849.5,4,76912.5376,84048.7525,76912.5376,-101.94,14056.35,"regime BEARISH confidence 0.85, account healthy -> TRADE at default risk budget"
2026-06-24T10:15:58.920957+00:00,BTCUSDT,BEARISH,0.5318,trend_following_short,REDUCE,LONG,76912.5376,421.69,4,74605.1615,81527.2899,74605.1615,-50.6,14005.75,regime BEARISH confidence 0.53 below 0.6 -> REDUCE
2026-06-24T10:15:58.920957+00:00,BTCUSDT,BULLISH,0.4832000000000001,trend_following_long,REDUCE,NONE,,,,,,,,14005.749999999993,regime BULLISH confidence 0.48 below 0.6 -> REDUCE; playbook trend_following_long emitted no signal
2026-06-24T10:15:58.920957+00:00,BTCUSDT,CHOPPY,0.5,mean_reversion_range,REDUCE,NONE,,,,,,,,14005.749999999993,regime CHOPPY confidence 0.50 below 0.6 -> REDUCE; playbook mean_reversion_range emitted no signal
2026-06-24T10:15:58.921959+00:00,BTCUSDT,BULLISH,0.8805999999999999,trend_following_long,TRADE,SHORT,74605.1615,1120.46,5,76843.3163,70128.8518,76843.3163,-168.07,13837.68,"regime BULLISH confidence 0.88, account healthy -> TRADE at default risk budget"
2026-06-24T10:15:58.921959+00:00,BTCUSDT,CHOPPY,0.5,mean_reversion_range,REDUCE,NONE,,,,,,,,13837.679999999993,3 consecutive losses >= limit 3 -> REDUCE risk budget; playbook mean_reversion_range emitted no signal
2026-06-24T10:15:58.922955+00:00,BTCUSDT,BEARISH,1.0,trend_following_short,REDUCE,SHORT,76843.3163,415.13,2,79148.6158,72232.7173,79148.6158,-24.91,13812.77,3 consecutive losses >= limit 3 -> REDUCE risk budget
2026-06-24T10:15:58.922955+00:00,BTCUSDT,BULLISH,1.0,trend_following_long,REDUCE,LONG,79148.6158,552.51,2,76774.1573,83897.5327,83897.5327,66.3,13879.07,4 consecutive losses >= limit 3 -> REDUCE risk budget
2026-06-24T10:15:58.923956+00:00,BTCUSDT,BEARISH,0.9792,trend_following_short,TRADE,LONG,83897.5327,832.74,4,81380.6067,88931.3847,81380.6067,-99.93,13779.14,"regime BEARISH confidence 0.98, account healthy -> TRADE at default risk budget"
2026-06-24T10:15:58.923956+00:00,BTCUSDT,BEARISH,0.678,trend_following_short,TRADE,SHORT,81380.6067,826.75,4,83822.0249,76497.7703,83822.0249,-99.21,13679.93,"regime BEARISH confidence 0.68, account healthy -> TRADE at default risk budget"
2026-06-24T10:15:58.924862+00:00,BTCUSDT,CHOPPY,0.5,mean_reversion_range,REDUCE,LONG,83822.0249,171.0,2,81307.3642,88851.3464,81307.3642,-10.26,13669.67,regime CHOPPY confidence 0.50 below 0.6 -> REDUCE
2026-06-24T10:15:58.924862+00:00,BTCUSDT,BEARISH,0.6878,trend_following_short,REDUCE,NONE,,,,,,,,13669.669999999993,3 consecutive losses >= limit 3 -> REDUCE risk budget; playbook trend_following_short emitted no signal
2026-06-24T10:15:58.925861+00:00,BTCUSDT,BEARISH,1.0,trend_following_short,REDUCE,NONE,,,,,,,,13669.669999999993,3 consecutive losses >= limit 3 -> REDUCE risk budget; playbook trend_following_short emitted no signal
2026-06-24T10:15:58.925861+00:00,BTCUSDT,BEARISH,0.6846,trend_following_short,REDUCE,NONE,,,,,,,,13669.669999999993,3 consecutive losses >= limit 3 -> REDUCE risk budget; playbook trend_following_short emitted no signal
2026-06-24T10:15:58.927228+00:00,BTCUSDT,BULLISH,0.6878,trend_following_long,REDUCE,SHORT,81307.3642,546.79,2,83746.5851,76428.9223,76428.9223,65.61,13735.28,3 consecutive losses >= limit 3 -> REDUCE risk budget
2026-06-24T10:15:58.927228+00:00,BTCUSDT,CHOPPY,0.5,mean_reversion_range,REDUCE,NONE,,,,,,,,13735.279999999993,regime CHOPPY confidence 0.50 below 0.6 -> REDUCE; playbook mean_reversion_range emitted no signal
2026-06-24T10:15:58.928232+00:00,BTCUSDT,BEARISH,0.7986,trend_following_short,TRADE,NONE,,,,,,,,13735.279999999993,"regime BEARISH confidence 0.80, account healthy -> TRADE at default risk budget; playbook trend_following_short emitted no signal"
2026-06-24T10:15:58.928232+00:00,BTCUSDT,CHOPPY,0.5,mean_reversion_range,REDUCE,LONG,76428.9223,171.69,2,74136.0546,81014.6576,74136.0546,-10.3,13724.98,regime CHOPPY confidence 0.50 below 0.6 -> REDUCE
2026-06-24T10:15:58.929230+00:00,BTCUSDT,TRANSITIONING,0.9,NONE,PAUSE,NONE,,,,,,,,13724.979999999994,"regime TRANSITIONING (news_shock_flag triggered forced TRANSITIONING) -> PAUSE, no playbook trusted"
2026-06-24T10:15:58.929230+00:00,BTCUSDT,BEARISH,1.0,trend_following_short,TRADE,SHORT,74136.0546,823.5,4,76360.1362,69687.8913,76360.1362,-98.82,13626.16,"regime BEARISH confidence 1.00, account healthy -> TRADE at default risk budget"
2026-06-24T10:15:58.930228+00:00,BTCUSDT,BULLISH,0.8322,trend_following_long,TRADE,SHORT,76360.1362,1090.09,5,78650.9403,71778.528,71778.528,327.03,13953.19,"regime BULLISH confidence 0.83, account healthy -> TRADE at default risk budget"
2026-06-24T10:15:58.930228+00:00,BTCUSDT,TRANSITIONING,0.3648,NONE,PAUSE,NONE,,,,,,,,13953.189999999995,"regime TRANSITIONING (low confidence (0.36) on BEARISH -> downgraded to TRANSITIONING) -> PAUSE, no playbook trusted"
2026-06-24T10:15:58.931227+00:00,BTCUSDT,BULLISH,0.796,trend_following_long,TRADE,SHORT,71778.528,1116.26,5,73931.8838,67471.8163,73931.8838,-167.44,13785.75,"regime BULLISH confidence 0.80, account healthy -> TRADE at default risk budget"
2026-06-24T10:15:58.932226+00:00,BTCUSDT,BULLISH,0.633,trend_following_long,TRADE,NONE,,,,,,,,13785.749999999995,"regime BULLISH confidence 0.63, account healthy -> TRADE at default risk budget; playbook trend_following_long emitted no signal"
2026-06-24T10:15:58.932226+00:00,BTCUSDT,BULLISH,0.45740000000000003,trend_following_long,REDUCE,SHORT,73931.8838,551.43,5,76149.8403,69495.9708,69495.9708,165.43,13951.18,regime BULLISH confidence 0.46 below 0.6 -> REDUCE
2026-06-24T10:15:58.933223+00:00,BTCUSDT,CHOPPY,0.5,mean_reversion_range,REDUCE,LONG,69495.9708,174.39,2,67411.0917,73665.729,67411.0917,-10.46,13940.72,regime CHOPPY confidence 0.50 below 0.6 -> REDUCE
2026-06-24T10:15:58.933223+00:00,BTCUSDT,CHOPPY,0.5,mean_reversion_range,REDUCE,SHORT,67411.0917,174.26,2,69433.4245,63366.4262,69433.4245,-10.46,13930.26,regime CHOPPY confidence 0.50 below 0.6 -> REDUCE
2026-06-24T10:15:58.934253+00:00,BTCUSDT,BEARISH,0.48919999999999997,trend_following_short,REDUCE,SHORT,69433.4245,417.91,4,71516.4272,65267.419,71516.4272,-50.15,13880.11,regime BEARISH confidence 0.49 below 0.6 -> REDUCE
2026-06-24T10:15:58.934253+00:00,BTCUSDT,BEARISH,0.8171999999999999,trend_following_short,REDUCE,NONE,,,,,,,,13880.109999999997,3 consecutive losses >= limit 3 -> REDUCE risk budget; playbook trend_following_short emitted no signal
2026-06-24T10:15:58.935317+00:00,BTCUSDT,BEARISH,0.8798,trend_following_short,REDUCE,SHORT,71516.4272,416.4,2,73661.92,67225.4416,73661.92,-24.98,13855.13,3 consecutive losses >= limit 3 -> REDUCE risk budget
2026-06-24T10:15:58.935317+00:00,BTCUSDT,BULLISH,0.45220000000000005,trend_following_long,REDUCE,NONE,,,,,,,,13855.129999999997,4 consecutive losses >= limit 3 -> REDUCE risk budget; playbook trend_following_long emitted no signal
2026-06-24T10:15:58.936318+00:00,BTCUSDT,BEARISH,0.7612,trend_following_short,REDUCE,NONE,,,,,,,,13855.129999999997,4 consecutive losses >= limit 3 -> REDUCE risk budget; playbook trend_following_short emitted no signal
2026-06-24T10:15:58.936318+00:00,BTCUSDT,CHOPPY,0.5,mean_reversion_range,REDUCE,LONG,73661.92,173.19,1,71452.0624,78081.6352,78081.6352,10.39,13865.52,4 consecutive losses >= limit 3 -> REDUCE risk budget
2026-06-24T10:15:58.937317+00:00,BTCUSDT,BEARISH,0.7123999999999999,trend_following_short,TRADE,LONG,78081.6352,831.93,4,75739.1861,82766.5333,82766.5333,199.66,14065.18,"regime BEARISH confidence 0.71, account healthy -> TRADE at default risk budget"
2026-06-24T10:15:58.937317+00:00,BTCUSDT,TRANSITIONING,0.39540000000000003,NONE,PAUSE,NONE,,,,,,,,14065.179999999997,"regime TRANSITIONING (low confidence (0.40) on BULLISH -> downgraded to TRANSITIONING) -> PAUSE, no playbook trusted"
2026-06-24T10:15:58.938319+00:00,BTCUSDT,CHOPPY,0.5,mean_reversion_range,REDUCE,LONG,82766.5333,175.81,2,80283.5373,87732.5253,80283.5373,-10.55,14054.63,regime CHOPPY confidence 0.50 below 0.6 -> REDUCE
2026-06-24T10:15:58.938319+00:00,BTCUSDT,CHOPPY,0.5,mean_reversion_range,REDUCE,SHORT,80283.5373,175.68,2,82692.0434,75466.5251,75466.5251,21.08,14075.71,regime CHOPPY confidence 0.50 below 0.6 -> REDUCE
2026-06-24T10:15:58.938319+00:00,BTCUSDT,BEARISH,0.5836,trend_following_short,REDUCE,SHORT,75466.5251,422.27,4,77730.5209,70938.5336,70938.5336,101.34,14177.05,regime BEARISH confidence 0.58 below 0.6 -> REDUCE
2026-06-24T10:15:58.939320+00:00,BTCUSDT,BULLISH,0.6307999999999999,trend_following_long,TRADE,LONG,70938.5336,1134.16,5,68810.3776,75194.8456,75194.8456,340.25,14517.3,"regime BULLISH confidence 0.63, account healthy -> TRADE at default risk budget"
2026-06-24T10:15:58.940312+00:00,BTCUSDT,BEARISH,0.5922000000000001,trend_following_short,REDUCE,LONG,75194.8456,435.52,4,72939.0002,79706.5363,79706.5363,104.52,14621.82,regime BEARISH confidence 0.59 below 0.6 -> REDUCE
2026-06-24T10:15:58.940312+00:00,BTCUSDT,BULLISH,0.5166,trend_following_long,REDUCE,SHORT,79706.5363,584.87,5,82097.7324,74924.1441,74924.1441,175.46,14797.28,regime BULLISH confidence 0.52 below 0.6 -> REDUCE
2026-06-24T10:15:58.941314+00:00,BTCUSDT,BEARISH,1.0,trend_following_short,TRADE,SHORT,74924.1441,887.84,4,77171.8684,70428.6955,77171.8684,-106.54,14690.74,"regime BEARISH confidence 1.00, account healthy -> TRADE at default risk budget"
2026-06-24T10:15:58.942235+00:00,BTCUSDT,CHOPPY,0.886,mean_reversion_range,TRADE,NONE,,,,,,,,14690.739999999996,"regime CHOPPY confidence 0.89, account healthy -> TRADE at default risk budget; playbook mean_reversion_range emitted no signal"
2026-06-24T10:15:58.942235+00:00,BTCUSDT,CHOPPY,0.5,mean_reversion_range,REDUCE,LONG,77171.8684,183.63,2,74856.7123,81802.1805,81802.1805,22.04,14712.78,regime CHOPPY confidence 0.50 below 0.6 -> REDUCE
2026-06-24T10:15:58.943223+00:00,BTCUSDT,TRANSITIONING,0.9,NONE,PAUSE,NONE,,,,,,,,14712.779999999997,"regime TRANSITIONING (news_shock_flag triggered forced TRANSITIONING) -> PAUSE, no playbook trusted"
2026-06-24T10:15:58.944236+00:00,BTCUSDT,TRANSITIONING,0.9,NONE,PAUSE,NONE,,,,,,,,14712.779999999997,"regime TRANSITIONING (news_shock_flag triggered forced TRANSITIONING) -> PAUSE, no playbook trusted"
2026-06-24T10:15:58.944236+00:00,BTCUSDT,BEARISH,0.5918,trend_following_short,REDUCE,NONE,,,,,,,,14712.779999999997,regime BEARISH confidence 0.59 below 0.6 -> REDUCE; playbook trend_following_short emitted no signal
2026-06-24T10:15:58.945222+00:00,BTCUSDT,CHOPPY,0.5,mean_reversion_range,REDUCE,NONE,,,,,,,,14712.779999999997,regime CHOPPY confidence 0.50 below 0.6 -> REDUCE; playbook mean_reversion_range emitted no signal
2026-06-24T10:15:58.945222+00:00,BTCUSDT,BEARISH,0.8914,trend_following_short,TRADE,NONE,,,,,,,,14712.779999999997,"regime BEARISH confidence 0.89, account healthy -> TRADE at default risk budget; playbook trend_following_short emitted no signal"
2026-06-24T10:15:58.946331+00:00,BTCUSDT,BULLISH,0.9844,trend_following_long,TRADE,SHORT,81802.1805,1177.02,5,84256.2459,76894.0497,76894.0497,353.11,15065.89,"regime BULLISH confidence 0.98, account healthy -> TRADE at default risk budget"
2026-06-24T10:15:58.946331+00:00,BTCUSDT,BULLISH,0.9182,trend_following_long,TRADE,LONG,76894.0497,1205.27,5,74587.2282,81507.6927,81507.6927,361.58,15427.47,"regime BULLISH confidence 0.92, account healthy -> TRADE at default risk budget"
2026-06-24T10:15:58.946331+00:00,BTCUSDT,TRANSITIONING,0.9,NONE,PAUSE,NONE,,,,,,,,15427.469999999998,"regime TRANSITIONING (news_shock_flag triggered forced TRANSITIONING) -> PAUSE, no playbook trusted"
2026-06-24T10:15:58.947449+00:00,BTCUSDT,BEARISH,0.773,trend_following_short,TRADE,LONG,81507.6927,925.65,4,79062.4619,86398.1543,79062.4619,-111.08,15316.39,"regime BEARISH confidence 0.77, account healthy -> TRADE at default risk budget"
2026-06-24T10:15:58.947449+00:00,BTCUSDT,CHOPPY,0.5,mean_reversion_range,REDUCE,LONG,79062.4619,191.45,2,76690.588,83806.2096,83806.2096,22.97,15339.36,regime CHOPPY confidence 0.50 below 0.6 -> REDUCE
2026-06-24T10:15:58.948358+00:00,BTCUSDT,BEARISH,0.804,trend_following_short,TRADE,LONG,83806.2096,920.36,4,81292.0233,88834.5822,88834.5822,220.89,15560.25,"regime BEARISH confidence 0.80, account healthy -> TRADE at default risk budget"
2026-06-24T10:15:58.948358+00:00,BTCUSDT,CHOPPY,0.712,mean_reversion_range,TRADE,LONG,88834.5822,389.01,2,86169.5447,94164.6571,86169.5447,-23.34,15536.91,"regime CHOPPY confidence 0.71, account healthy -> TRADE at default risk budget"
2026-06-24T10:15:58.949358+00:00,BTCUSDT,CHOPPY,0.5,mean_reversion_range,REDUCE,LONG,86169.5447,194.21,2,83584.4584,91339.7174,83584.4584,-11.65,15525.26,regime CHOPPY confidence 0.50 below 0.6 -> REDUCE
2026-06-24T10:15:58.958376+00:00,BTCUSDT,CHOPPY,0.837,mean_reversion_range,TRADE,SHORT,83584.4584,388.13,2,86091.9922,78569.3909,86091.9922,-23.29,15501.97,"regime CHOPPY confidence 0.84, account healthy -> TRADE at default risk budget"
2026-06-24T10:15:58.958376+00:00,BTCUSDT,BULLISH,1.0,trend_following_long,REDUCE,LONG,86091.9922,620.08,2,83509.2324,91257.5117,83509.2324,-37.2,15464.77,3 consecutive losses >= limit 3 -> REDUCE risk budget
2026-06-24T10:15:58.959910+00:00,BTCUSDT,BEARISH,1.0,trend_following_short,REDUCE,SHORT,83509.2324,463.94,2,86014.5094,78498.6785,78498.6785,55.67,15520.44,4 consecutive losses >= limit 3 -> REDUCE risk budget
2026-06-24T10:15:58.961063+00:00,BTCUSDT,BULLISH,0.9566,trend_following_long,TRADE,LONG,78498.6785,1241.64,5,76143.7181,83208.5992,83208.5992,372.49,15892.93,"regime BULLISH confidence 0.96, account healthy -> TRADE at default risk budget"
2026-06-24T10:15:58.961592+00:00,BTCUSDT,CHOPPY,0.5,mean_reversion_range,REDUCE,LONG,83208.5992,198.66,2,80712.3412,88201.1152,88201.1152,23.84,15916.77,regime CHOPPY confidence 0.50 below 0.6 -> REDUCE
2026-06-24T10:15:58.962629+00:00,BTCUSDT,BULLISH,0.7844,trend_following_long,TRADE,LONG,88201.1152,1273.34,5,85555.0817,93493.1821,85555.0817,-191.0,15725.77,"regime BULLISH confidence 0.78, account healthy -> TRADE at default risk budget"
2026-06-24T10:15:58.962629+00:00,BTCUSDT,CHOPPY,0.5,mean_reversion_range,REDUCE,LONG,85555.0817,196.57,2,82988.4292,90688.3866,82988.4292,-11.79,15713.98,regime CHOPPY confidence 0.50 below 0.6 -> REDUCE
2026-06-24T10:15:58.963664+00:00,BTCUSDT,BULLISH,0.9566,trend_following_long,TRADE,SHORT,82988.4292,1257.12,5,85478.0821,78009.1234,78009.1234,377.14,16091.12,"regime BULLISH confidence 0.96, account healthy -> TRADE at default risk budget"
2026-06-24T10:15:58.963664+00:00,BTCUSDT,CHOPPY,0.5,mean_reversion_range,REDUCE,LONG,78009.1234,201.14,2,75668.8497,82689.6708,82689.6708,24.14,16115.26,regime CHOPPY confidence 0.50 below 0.6 -> REDUCE
2026-06-24T10:15:58.964652+00:00,BTCUSDT,TRANSITIONING,0.381,NONE,PAUSE,NONE,,,,,,,,16115.259999999993,"regime TRANSITIONING (low confidence (0.38) on BULLISH -> downgraded to TRANSITIONING) -> PAUSE, no playbook trusted"
2026-06-24T10:15:58.964652+00:00,BTCUSDT,BEARISH,0.4898,trend_following_short,REDUCE,SHORT,82689.6708,483.46,4,85170.3609,77728.2906,77728.2906,116.03,16231.29,regime BEARISH confidence 0.49 below 0.6 -> REDUCE
2026-06-24T10:15:58.965621+00:00,BTCUSDT,CHOPPY,0.826,mean_reversion_range,TRADE,LONG,77728.2906,405.78,2,75396.4419,82391.988,82391.988,48.69,16279.98,"regime CHOPPY confidence 0.83, account healthy -> TRADE at default risk budget"
2026-06-24T10:15:58.966623+00:00,BTCUSDT,CHOPPY,0.5,mean_reversion_range,REDUCE,LONG,82391.988,203.5,2,79920.2284,87335.5073,87335.5073,24.42,16304.4,regime CHOPPY confidence 0.50 below 0.6 -> REDUCE
2026-06-24T10:15:58.967628+00:00,BTCUSDT,BEARISH,0.8136,trend_following_short,TRADE,NONE,,,,,,,,16304.399999999994,"regime BEARISH confidence 0.81, account healthy -> TRADE at default risk budget; playbook trend_following_short emitted no signal"
2026-06-24T10:15:58.967628+00:00,BTCUSDT,BEARISH,0.4433999999999999,trend_following_short,REDUCE,NONE,,,,,,,,16304.399999999994,regime BEARISH confidence 0.44 below 0.6 -> REDUCE; playbook trend_following_short emitted no signal
2026-06-24T10:15:58.968669+00:00,BTCUSDT,BULLISH,0.5811999999999999,trend_following_long,REDUCE,LONG,87335.5073,652.18,5,84715.4421,92575.6377,84715.4421,-97.83,16206.57,regime BULLISH confidence 0.58 below 0.6 -> REDUCE
2026-06-24T10:15:58.969664+00:00,BTCUSDT,BEARISH,0.6634,trend_following_short,TRADE,LONG,84715.4421,972.39,4,82173.9788,89798.3686,89798.3686,233.37,16439.94,"regime BEARISH confidence 0.66, account healthy -> TRADE at default risk budget"
2026-06-24T10:15:58.969664+00:00,BTCUSDT,BULLISH,0.6416,trend_following_long,TRADE,SHORT,89798.3686,1315.2,5,92492.3197,84410.4665,84410.4665,394.56,16834.5,"regime BULLISH confidence 0.64, account healthy -> TRADE at default risk budget"
2026-06-24T10:15:58.970711+00:00,BTCUSDT,TRANSITIONING,0.9,NONE,PAUSE,NONE,,,,,,,,16834.499999999996,"regime TRANSITIONING (news_shock_flag triggered forced TRANSITIONING) -> PAUSE, no playbook trusted"
2026-06-24T10:15:58.970711+00:00,BTCUSDT,BEARISH,0.43399999999999994,trend_following_short,REDUCE,NONE,,,,,,,,16834.499999999996,regime BEARISH confidence 0.43 below 0.6 -> REDUCE; playbook trend_following_short emitted no signal
2026-06-24T10:15:58.970711+00:00,BTCUSDT,BEARISH,0.8076,trend_following_short,TRADE,LONG,84410.4665,1010.07,4,81878.1525,89475.0945,89475.0945,242.42,17076.92,"regime BEARISH confidence 0.81, account healthy -> TRADE at default risk budget"
2026-06-24T10:15:58.971637+00:00,BTCUSDT,CHOPPY,0.5,mean_reversion_range,REDUCE,NONE,,,,,,,,17076.919999999995,regime CHOPPY confidence 0.50 below 0.6 -> REDUCE; playbook mean_reversion_range emitted no signal
2026-06-24T10:15:58.971637+00:00,BTCUSDT,TRANSITIONING,0.9,NONE,PAUSE,NONE,,,,,,,,17076.919999999995,"regime TRANSITIONING (news_shock_flag triggered forced TRANSITIONING) -> PAUSE, no playbook trusted"
2026-06-24T10:15:58.972725+00:00,BTCUSDT,BULLISH,0.8326,trend_following_long,TRADE,NONE,,,,,,,,17076.919999999995,"regime BULLISH confidence 0.83, account healthy -> TRADE at default risk budget; playbook trend_following_long emitted no signal"
2026-06-24T10:15:58.972725+00:00,BTCUSDT,CHOPPY,0.855,mean_reversion_range,TRADE,LONG,89475.0945,426.92,2,86790.8417,94843.6002,94843.6002,51.23,17128.15,"regime CHOPPY confidence 0.85, account healthy -> TRADE at default risk budget"
2026-06-24T10:15:58.972725+00:00,BTCUSDT,BULLISH,0.6862,trend_following_long,TRADE,LONG,94843.6002,1370.25,5,91998.2922,100534.2162,91998.2922,-205.54,16922.61,"regime BULLISH confidence 0.69, account healthy -> TRADE at default risk budget"
2026-06-24T10:15:58.973716+00:00,BTCUSDT,BULLISH,0.6096,trend_following_long,TRADE,LONG,91998.2922,1353.81,5,89238.3434,97518.1897,89238.3434,-203.07,16719.54,"regime BULLISH confidence 0.61, account healthy -> TRADE at default risk budget"
2026-06-24T10:15:58.973716+00:00,BTCUSDT,TRANSITIONING,0.353,NONE,PAUSE,NONE,,,,,,,,16719.539999999994,"regime TRANSITIONING (low confidence (0.35) on BEARISH -> downgraded to TRANSITIONING) -> PAUSE, no playbook trusted"
2026-06-24T10:15:58.974716+00:00,BTCUSDT,CHOPPY,0.5,mean_reversion_range,REDUCE,LONG,89238.3434,208.99,2,86561.1931,94592.644,86561.1931,-12.54,16707.0,regime CHOPPY confidence 0.50 below 0.6 -> REDUCE
2026-06-24T10:15:58.974716+00:00,BTCUSDT,BEARISH,1.0,trend_following_short,REDUCE,SHORT,86561.1931,501.21,2,89158.0289,81367.5215,89158.0289,-30.07,16676.93,3 consecutive losses >= limit 3 -> REDUCE risk budget
2026-06-24T10:15:58.975674+00:00,BTCUSDT,BULLISH,0.766,trend_following_long,REDUCE,LONG,89158.0289,667.08,2,86483.288,94507.5106,86483.288,-40.02,16636.91,4 consecutive losses >= limit 3 -> REDUCE risk budget
2026-06-24T10:15:58.976619+00:00,BTCUSDT,BULLISH,0.7318,trend_following_long,REDUCE,LONG,86483.288,665.48,2,83888.7894,91672.2853,83888.7894,-39.93,16596.98,5 consecutive losses >= limit 3 -> REDUCE risk budget
2026-06-24T10:15:58.976619+00:00,BTCUSDT,CHOPPY,0.5,mean_reversion_range,REDUCE,NONE,,,,,,,,16596.979999999992,6 consecutive losses >= limit 3 -> REDUCE risk budget; playbook mean_reversion_range emitted no signal
2026-06-24T10:15:58.977653+00:00,BTCUSDT,BULLISH,0.7968,trend_following_long,REDUCE,LONG,83888.7894,663.88,2,81372.1257,88922.1168,88922.1168,79.67,16676.65,6 consecutive losses >= limit 3 -> REDUCE risk budget
2026-06-24T10:15:58.978688+00:00,BTCUSDT,CHOPPY,0.5,mean_reversion_range,REDUCE,SHORT,88922.1168,208.46,2,91589.7803,83586.7898,91589.7803,-12.51,16664.14,regime CHOPPY confidence 0.50 below 0.6 -> REDUCE
2026-06-24T10:15:58.979656+00:00,BTCUSDT,BULLISH,0.9336,trend_following_long,TRADE,NONE,,,,,,,,16664.139999999992,"regime BULLISH confidence 0.93, account healthy -> TRADE at default risk budget; playbook trend_following_long emitted no signal"
2026-06-24T10:15:58.980724+00:00,BTCUSDT,CHOPPY,0.5,mean_reversion_range,REDUCE,NONE,,,,,,,,16664.139999999992,regime CHOPPY confidence 0.50 below 0.6 -> REDUCE; playbook mean_reversion_range emitted no signal
2026-06-24T10:15:58.981630+00:00,BTCUSDT,TRANSITIONING,0.3874,NONE,PAUSE,NONE,,,,,,,,16664.139999999992,"regime TRANSITIONING (low confidence (0.39) on BULLISH -> downgraded to TRANSITIONING) -> PAUSE, no playbook trusted"
2026-06-24T10:15:58.982621+00:00,BTCUSDT,BULLISH,0.5528,trend_following_long,REDUCE,NONE,,,,,,,,16664.139999999992,regime BULLISH confidence 0.55 below 0.6 -> REDUCE; playbook trend_following_long emitted no signal
2026-06-24T10:15:58.982621+00:00,BTCUSDT,BULLISH,0.7508,trend_following_long,TRADE,SHORT,91589.7803,1333.13,5,94337.4737,86094.3935,94337.4737,-199.97,16464.17,"regime BULLISH confidence 0.75, account healthy -> TRADE at default risk budget"
2026-06-24T10:15:58.983724+00:00,BTCUSDT,BEARISH,0.9092,trend_following_short,TRADE,LONG,94337.4737,987.85,4,91507.3495,99997.7221,91507.3495,-118.54,16345.63,"regime BEARISH confidence 0.91, account healthy -> TRADE at default risk budget"
2026-06-24T10:15:58.984716+00:00,BTCUSDT,CHOPPY,0.5,mean_reversion_range,REDUCE,SHORT,91507.3495,204.32,1,94252.57,86016.9085,94252.57,-6.13,16339.5,3 consecutive losses >= limit 3 -> REDUCE risk budget
2026-06-24T10:15:58.985711+00:00,BTCUSDT,BULLISH,0.43000000000000005,trend_following_long,REDUCE,NONE,,,,,,,,16339.49999999999,4 consecutive losses >= limit 3 -> REDUCE risk budget; playbook trend_following_long emitted no signal
2026-06-24T10:15:58.986711+00:00,BTCUSDT,BULLISH,0.7368,trend_following_long,REDUCE,LONG,94252.57,653.58,2,91424.9929,99907.7242,99907.7242,78.43,16417.93,4 consecutive losses >= limit 3 -> REDUCE risk budget
2026-06-24T10:15:58.986711+00:00,BTCUSDT,BEARISH,0.5024,trend_following_short,REDUCE,LONG,99907.7242,492.54,4,96910.4925,105902.1877,105902.1877,118.21,16536.14,regime BEARISH confidence 0.50 below 0.6 -> REDUCE
2026-06-24T10:15:58.987721+00:00,BTCUSDT,CHOPPY,0.5,mean_reversion_range,REDUCE,NONE,,,,,,,,16536.13999999999,regime CHOPPY confidence 0.50 below 0.6 -> REDUCE; playbook mean_reversion_range emitted no signal
2026-06-24T10:15:58.987721+00:00,BTCUSDT,TRANSITIONING,0.9,NONE,PAUSE,NONE,,,,,,,,16536.13999999999,"regime TRANSITIONING (news_shock_flag triggered forced TRANSITIONING) -> PAUSE, no playbook trusted"
2026-06-24T10:15:58.987721+00:00,BTCUSDT,BEARISH,0.6374,trend_following_short,TRADE,LONG,105902.1877,992.17,4,102725.1221,112256.319,112256.319,238.12,16774.26,"regime BEARISH confidence 0.64, account healthy -> TRADE at default risk budget"
2026-06-24T10:15:58.988723+00:00,BTCUSDT,CHOPPY,0.847,mean_reversion_range,TRADE,SHORT,112256.319,419.36,2,115624.0086,105520.9399,115624.0086,-25.16,16749.1,"regime CHOPPY confidence 0.85, account healthy -> TRADE at default risk budget"
2026-06-24T10:15:58.988723+00:00,BTCUSDT,BEARISH,0.7066,trend_following_short,TRADE,NONE,,,,,,,,16749.099999999988,"regime BEARISH confidence 0.71, account healthy -> TRADE at default risk budget; playbook trend_following_short emitted no signal"
2026-06-24T10:15:58.989721+00:00,BTCUSDT,BULLISH,0.5582,trend_following_long,REDUCE,SHORT,115624.0086,669.96,5,119092.7289,108686.5681,108686.5681,200.99,16950.09,regime BULLISH confidence 0.56 below 0.6 -> REDUCE
2026-06-24T10:15:58.989721+00:00,BTCUSDT,BEARISH,0.6434000000000001,trend_following_short,TRADE,NONE,,,,,,,,16950.08999999999,"regime BEARISH confidence 0.64, account healthy -> TRADE at default risk budget; playbook trend_following_short emitted no signal"
2026-06-24T10:15:58.990717+00:00,BTCUSDT,TRANSITIONING,0.9,NONE,PAUSE,NONE,,,,,,,,16950.08999999999,"regime TRANSITIONING (news_shock_flag triggered forced TRANSITIONING) -> PAUSE, no playbook trusted"
2026-06-24T10:15:58.990717+00:00,BTCUSDT,CHOPPY,0.5,mean_reversion_range,REDUCE,NONE,,,,,,,,16950.08999999999,regime CHOPPY confidence 0.50 below 0.6 -> REDUCE; playbook mean_reversion_range emitted no signal
2026-06-24T10:15:58.990717+00:00,BTCUSDT,CHOPPY,0.5,mean_reversion_range,REDUCE,SHORT,108686.5681,211.88,2,111947.1651,102165.374,102165.374,25.43,16975.52,regime CHOPPY confidence 0.50 below 0.6 -> REDUCE
2026-06-24T10:15:58.991677+00:00,BTCUSDT,CHOPPY,0.5,mean_reversion_range,REDUCE,SHORT,102165.374,212.19,2,105230.3352,96035.4516,96035.4516,25.46,17000.98,regime CHOPPY confidence 0.50 below 0.6 -> REDUCE
2026-06-24T10:15:58.992677+00:00,BTCUSDT,BULLISH,0.633,trend_following_long,TRADE,LONG,96035.4516,1360.08,5,93154.3881,101797.5787,101797.5787,408.02,17409.0,"regime BULLISH confidence 0.63, account healthy -> TRADE at default risk budget"
2026-06-24T10:15:58.992677+00:00,BTCUSDT,BULLISH,0.6012,trend_following_long,TRADE,NONE,,,,,,,,17408.99999999999,"regime BULLISH confidence 0.60, account healthy -> TRADE at default risk budget; playbook trend_following_long emitted no signal"
2026-06-24T10:15:58.993630+00:00,BTCUSDT,CHOPPY,0.9,mean_reversion_range,TRADE,NONE,,,,,,,,17408.99999999999,"regime CHOPPY confidence 0.90, account healthy -> TRADE at default risk budget; playbook mean_reversion_range emitted no signal"
2026-06-24T10:15:58.994991+00:00,BTCUSDT,CHOPPY,0.5,mean_reversion_range,REDUCE,SHORT,101797.5787,217.61,2,104851.5061,95689.724,95689.724,26.11,17435.11,regime CHOPPY confidence 0.50 below 0.6 -> REDUCE
2026-06-24T10:15:58.994991+00:00,BTCUSDT,CHOPPY,0.5,mean_reversion_range,REDUCE,NONE,,,,,,,,17435.10999999999,regime CHOPPY confidence 0.50 below 0.6 -> REDUCE; playbook mean_reversion_range emitted no signal
2026-06-24T10:15:58.996524+00:00,BTCUSDT,BULLISH,0.9134,trend_following_long,TRADE,NONE,,,,,,,,17435.10999999999,"regime BULLISH confidence 0.91, account healthy -> TRADE at default risk budget; playbook trend_following_long emitted no signal"
2026-06-24T10:15:58.996524+00:00,BTCUSDT,BEARISH,0.7544000000000001,trend_following_short,TRADE,SHORT,95689.724,1046.11,4,98560.4157,89948.3406,89948.3406,251.07,17686.18,"regime BEARISH confidence 0.75, account healthy -> TRADE at default risk budget"
2026-06-24T10:15:58.997663+00:00,BTCUSDT,BULLISH,0.8174,trend_following_long,TRADE,NONE,,,,,,,,17686.17999999999,"regime BULLISH confidence 0.82, account healthy -> TRADE at default risk budget; playbook trend_following_long emitted no signal"
2026-06-24T10:15:58.997663+00:00,BTCUSDT,CHOPPY,0.5,mean_reversion_range,REDUCE,SHORT,89948.3406,221.08,2,92646.7908,84551.4402,84551.4402,26.53,17712.71,regime CHOPPY confidence 0.50 below 0.6 -> REDUCE
2026-06-24T10:15:58.998613+00:00,BTCUSDT,BULLISH,0.7066,trend_following_long,TRADE,LONG,84551.4402,1417.02,5,82014.897,89624.5266,89624.5266,425.11,18137.82,"regime BULLISH confidence 0.71, account healthy -> TRADE at default risk budget"
2026-06-24T10:15:58.999612+00:00,BTCUSDT,BULLISH,0.6492,trend_following_long,TRADE,LONG,89624.5266,1451.03,5,86935.7908,95001.9982,95001.9982,435.31,18573.13,"regime BULLISH confidence 0.65, account healthy -> TRADE at default risk budget"
2026-06-24T10:15:59.000651+00:00,BTCUSDT,TRANSITIONING,0.9,NONE,PAUSE,NONE,,,,,,,,18573.12999999999,"regime TRANSITIONING (news_shock_flag triggered forced TRANSITIONING) -> PAUSE, no playbook trusted"
2026-06-24T10:15:59.000651+00:00,BTCUSDT,CHOPPY,0.5,mean_reversion_range,REDUCE,SHORT,95001.9982,232.16,2,97852.0581,89301.8783,89301.8783,27.86,18600.99,regime CHOPPY confidence 0.50 below 0.6 -> REDUCE
2026-06-24T10:15:59.001666+00:00,BTCUSDT,BEARISH,0.7852,trend_following_short,TRADE,NONE,,,,,,,,18600.98999999999,"regime BEARISH confidence 0.79, account healthy -> TRADE at default risk budget; playbook trend_following_short emitted no signal"
2026-06-24T10:15:59.001666+00:00,BTCUSDT,BEARISH,0.6093999999999999,trend_following_short,TRADE,NONE,,,,,,,,18600.98999999999,"regime BEARISH confidence 0.61, account healthy -> TRADE at default risk budget; playbook trend_following_short emitted no signal"
2026-06-24T10:15:59.001666+00:00,BTCUSDT,CHOPPY,0.5,mean_reversion_range,REDUCE,SHORT,89301.8783,232.51,2,91980.9346,83943.7656,83943.7656,27.9,18628.89,regime CHOPPY confidence 0.50 below 0.6 -> REDUCE
2026-06-24T10:15:59.002690+00:00,BTCUSDT,TRANSITIONING,0.9,NONE,PAUSE,NONE,,,,,,,,18628.889999999992,"regime TRANSITIONING (news_shock_flag triggered forced TRANSITIONING) -> PAUSE, no playbook trusted"
2026-06-24T10:15:59.002690+00:00,BTCUSDT,CHOPPY,0.5,mean_reversion_range,REDUCE,LONG,83943.7656,232.86,2,81425.4526,88980.3915,81425.4526,-13.97,18614.92,regime CHOPPY confidence 0.50 below 0.6 -> REDUCE
2026-06-24T10:15:59.003699+00:00,BTCUSDT,BULLISH,0.5288,trend_following_long,REDUCE,SHORT,81425.4526,744.6,5,83868.2162,76539.9254,83868.2162,-111.69,18503.23,regime BULLISH confidence 0.53 below 0.6 -> REDUCE
2026-06-24T10:15:59.003699+00:00,BTCUSDT,BULLISH,0.48219999999999996,trend_following_long,REDUCE,LONG,83868.2162,740.13,5,81352.1697,88900.3092,88900.3092,222.04,18725.27,regime BULLISH confidence 0.48 below 0.6 -> REDUCE
2026-06-24T10:15:59.004702+00:00,BTCUSDT,CHOPPY,0.5,mean_reversion_range,REDUCE,LONG,88900.3092,234.07,2,86233.2999,94234.3278,94234.3278,28.09,18753.36,regime CHOPPY confidence 0.50 below 0.6 -> REDUCE
2026-06-24T10:15:59.004702+00:00,BTCUSDT,BEARISH,0.712,trend_following_short,TRADE,LONG,94234.3278,1125.2,4,91407.298,99888.3875,99888.3875,270.05,19023.41,"regime BEARISH confidence 0.71, account healthy -> TRADE at default risk budget"
2026-06-24T10:15:59.004702+00:00,BTCUSDT,BULLISH,0.4016,trend_following_long,REDUCE,LONG,99888.3875,760.94,5,96891.7359,105881.6908,105881.6908,228.28,19251.69,regime BULLISH confidence 0.40 below 0.6 -> REDUCE
2026-06-24T10:15:59.005700+00:00,BTCUSDT,BULLISH,0.5174,trend_following_long,REDUCE,LONG,105881.6908,770.07,5,102705.2401,112234.5922,112234.5922,231.02,19482.71,regime BULLISH confidence 0.52 below 0.6 -> REDUCE
2026-06-24T10:15:59.005700+00:00,BTCUSDT,CHOPPY,0.927,mean_reversion_range,TRADE,SHORT,112234.5922,487.07,2,115601.63,105500.5167,115601.63,-29.22,19453.49,"regime CHOPPY confidence 0.93, account healthy -> TRADE at default risk budget"
2026-06-24T10:15:59.006699+00:00,BTCUSDT,BEARISH,0.728,trend_following_short,TRADE,SHORT,115601.63,1167.21,4,119069.6789,108665.5322,119069.6789,-140.07,19313.42,"regime BEARISH confidence 0.73, account healthy -> TRADE at default risk budget"
2026-06-24T10:15:59.006699+00:00,BTCUSDT,BULLISH,0.7908,trend_following_long,TRADE,NONE,,,,,,,,19313.41999999999,"regime BULLISH confidence 0.79, account healthy -> TRADE at default risk budget; playbook trend_following_long emitted no signal"
2026-06-24T10:15:59.007700+00:00,BTCUSDT,CHOPPY,0.5,mean_reversion_range,REDUCE,LONG,119069.6789,241.42,2,115497.5885,126213.8596,126213.8596,28.97,19342.39,regime CHOPPY confidence 0.50 below 0.6 -> REDUCE
2026-06-24T10:15:59.007700+00:00,BTCUSDT,TRANSITIONING,0.35800000000000004,NONE,PAUSE,NONE,,,,,,,,19342.389999999992,"regime TRANSITIONING (low confidence (0.36) on BULLISH -> downgraded to TRANSITIONING) -> PAUSE, no playbook trusted"
2026-06-24T10:15:59.008663+00:00,BTCUSDT,BULLISH,0.9858,trend_following_long,TRADE,LONG,126213.8596,1547.39,5,122427.4438,133786.6912,133786.6912,464.22,19806.61,"regime BULLISH confidence 0.99, account healthy -> TRADE at default risk budget"
2026-06-24T10:15:59.008663+00:00,BTCUSDT,TRANSITIONING,0.36579999999999996,NONE,PAUSE,NONE,,,,,,,,19806.609999999993,"regime TRANSITIONING (low confidence (0.37) on BEARISH -> downgraded to TRANSITIONING) -> PAUSE, no playbook trusted"
2026-06-24T10:15:59.009667+00:00,BTCUSDT,TRANSITIONING,0.3512,NONE,PAUSE,NONE,,,,,,,,19806.609999999993,"regime TRANSITIONING (low confidence (0.35) on BEARISH -> downgraded to TRANSITIONING) -> PAUSE, no playbook trusted"
2026-06-24T10:15:59.009667+00:00,BTCUSDT,BEARISH,0.6788000000000001,trend_following_short,TRADE,SHORT,133786.6912,1188.4,4,137800.2919,125759.4897,125759.4897,285.22,20091.83,"regime BEARISH confidence 0.68, account healthy -> TRADE at default risk budget"
2026-06-24T10:15:59.010609+00:00,BTCUSDT,BEARISH,1.0,trend_following_short,TRADE,NONE,,,,,,,,20091.829999999994,"regime BEARISH confidence 1.00, account healthy -> TRADE at default risk budget; playbook trend_following_short emitted no signal"
2026-06-24T10:15:59.010609+00:00,BTCUSDT,BEARISH,0.7936000000000001,trend_following_short,TRADE,NONE,,,,,,,,20091.829999999994,"regime BEARISH confidence 0.79, account healthy -> TRADE at default risk budget; playbook trend_following_short emitted no signal"
2026-06-24T10:15:59.010609+00:00,BTCUSDT,TRANSITIONING,0.9,NONE,PAUSE,NONE,,,,,,,,20091.829999999994,"regime TRANSITIONING (news_shock_flag triggered forced TRANSITIONING) -> PAUSE, no playbook trusted"
2026-06-24T10:15:59.012181+00:00,BTCUSDT,CHOPPY,0.5,mean_reversion_range,REDUCE,LONG,125759.4897,251.15,2,121986.705,133305.0591,133305.0591,30.14,20121.97,regime CHOPPY confidence 0.50 below 0.6 -> REDUCE
2026-06-24T10:15:59.012181+00:00,BTCUSDT,BEARISH,0.5068,trend_following_short,REDUCE,SHORT,133305.0591,603.66,4,137304.2109,125306.7556,125306.7556,144.88,20266.85,regime BEARISH confidence 0.51 below 0.6 -> REDUCE
2026-06-24T10:15:59.013176+00:00,BTCUSDT,BEARISH,0.5466,trend_following_short,REDUCE,NONE,,,,,,,,20266.849999999995,regime BEARISH confidence 0.55 below 0.6 -> REDUCE; playbook trend_following_short emitted no signal
2026-06-24T10:15:59.013176+00:00,BTCUSDT,TRANSITIONING,0.9,NONE,PAUSE,NONE,,,,,,,,20266.849999999995,"regime TRANSITIONING (news_shock_flag triggered forced TRANSITIONING) -> PAUSE, no playbook trusted"
2026-06-24T10:15:59.013176+00:00,BTCUSDT,BULLISH,0.6996,trend_following_long,TRADE,LONG,125306.7556,1621.35,5,121547.5529,132825.1609,132825.1609,486.4,20753.25,"regime BULLISH confidence 0.70, account healthy -> TRADE at default risk budget"
2026-06-24T10:15:59.014600+00:00,BTCUSDT,BEARISH,0.476,trend_following_short,REDUCE,LONG,132825.1609,622.6,4,128840.4061,140794.6706,128840.4061,-74.71,20678.54,regime BEARISH confidence 0.48 below 0.6 -> REDUCE
2026-06-24T10:15:59.015778+00:00,BTCUSDT,BEARISH,0.8662,trend_following_short,TRADE,LONG,128840.4061,1240.71,4,124975.1939,136570.8305,136570.8305,297.77,20976.31,"regime BEARISH confidence 0.87, account healthy -> TRADE at default risk budget"
2026-06-24T10:15:59.015778+00:00,BTCUSDT,CHOPPY,0.5,mean_reversion_range,REDUCE,SHORT,136570.8305,262.2,2,140667.9554,128376.5807,128376.5807,31.46,21007.77,regime CHOPPY confidence 0.50 below 0.6 -> REDUCE
2026-06-24T10:15:59.016769+00:00,BTCUSDT,BULLISH,0.42500000000000004,trend_following_long,REDUCE,NONE,,,,,,,,21007.769999999997,regime BULLISH confidence 0.43 below 0.6 -> REDUCE; playbook trend_following_long emitted no signal
2026-06-24T10:15:59.016769+00:00,BTCUSDT,BEARISH,0.7736000000000001,trend_following_short,TRADE,LONG,128376.5807,1260.47,4,124525.2833,136079.1755,124525.2833,-151.26,20856.51,"regime BEARISH confidence 0.77, account healthy -> TRADE at default risk budget"
2026-06-24T10:15:59.017816+00:00,BTCUSDT,CHOPPY,0.5,mean_reversion_range,REDUCE,SHORT,124525.2833,260.71,2,128261.0418,117053.7663,128261.0418,-15.64,20840.87,regime CHOPPY confidence 0.50 below 0.6 -> REDUCE
2026-06-24T10:15:59.017816+00:00,BTCUSDT,CHOPPY,0.5,mean_reversion_range,REDUCE,SHORT,128261.0418,260.51,2,132108.8731,120565.3793,120565.3793,31.26,20872.13,regime CHOPPY confidence 0.50 below 0.6 -> REDUCE
2026-06-24T10:15:59.018811+00:00,BTCUSDT,TRANSITIONING,0.3718,NONE,PAUSE,NONE,,,,,,,,20872.129999999997,"regime TRANSITIONING (low confidence (0.37) on BEARISH -> downgraded to TRANSITIONING) -> PAUSE, no playbook trusted"
2026-06-24T10:15:59.018811+00:00,BTCUSDT,BULLISH,0.9762,trend_following_long,TRADE,LONG,120565.3793,1669.77,5,116948.4179,127799.3021,116948.4179,-250.47,20621.66,"regime BULLISH confidence 0.98, account healthy -> TRADE at default risk budget"
2026-06-24T10:15:59.018811+00:00,BTCUSDT,BEARISH,0.835,trend_following_short,TRADE,SHORT,116948.4179,1237.3,4,120456.8704,109931.5128,109931.5128,296.95,20918.61,"regime BEARISH confidence 0.83, account healthy -> TRADE at default risk budget"
2026-06-24T10:15:59.019812+00:00,BTCUSDT,BEARISH,0.7144,trend_following_short,TRADE,LONG,109931.5128,1255.12,4,106633.5674,116527.4036,106633.5674,-150.61,20768.0,"regime BEARISH confidence 0.71, account healthy -> TRADE at default risk budget"
2026-06-24T10:15:59.019812+00:00,BTCUSDT,BULLISH,0.5404,trend_following_long,REDUCE,LONG,106633.5674,830.72,5,103434.5604,113031.5814,103434.5604,-124.61,20643.39,regime BULLISH confidence 0.54 below 0.6 -> REDUCE
2026-06-24T10:15:59.020815+00:00,BTCUSDT,BEARISH,1.0,trend_following_short,TRADE,SHORT,103434.5604,1238.6,4,106537.5972,97228.4868,106537.5972,-148.63,20494.76,"regime BEARISH confidence 1.00, account healthy -> TRADE at default risk budget"
2026-06-24T10:15:59.020815+00:00,BTCUSDT,BULLISH,1.0,trend_following_long,REDUCE,SHORT,106537.5972,819.79,2,109733.7251,100145.3414,109733.7251,-49.19,20445.57,3 consecutive losses >= limit 3 -> REDUCE risk budget
2026-06-24T10:15:59.021825+00:00,BTCUSDT,BEARISH,0.4042,trend_following_short,REDUCE,NONE,,,,,,,,20445.569999999996,4 consecutive losses >= limit 3 -> REDUCE risk budget; playbook trend_following_short emitted no signal
2026-06-24T10:15:59.021825+00:00,BTCUSDT,BEARISH,0.5347999999999999,trend_following_short,REDUCE,SHORT,109733.7251,613.37,2,113025.7369,103149.7016,103149.7016,73.6,20519.17,4 consecutive losses >= limit 3 -> REDUCE risk budget
2026-06-24T10:15:59.022818+00:00,BTCUSDT,BEARISH,0.5448000000000001,trend_following_short,REDUCE,NONE,,,,,,,,20519.169999999995,regime BEARISH confidence 0.54 below 0.6 -> REDUCE; playbook trend_following_short emitted no signal
2026-06-24T10:15:59.022818+00:00,BTCUSDT,BULLISH,0.673,trend_following_long,TRADE,LONG,103149.7016,1641.53,5,100055.2106,109338.6837,109338.6837,492.46,21011.63,"regime BULLISH confidence 0.67, account healthy -> TRADE at default risk budget"
2026-06-24T10:15:59.022818+00:00,BTCUSDT,BULLISH,0.5582,trend_following_long,REDUCE,LONG,109338.6837,840.47,5,106058.5232,115899.0047,115899.0047,252.14,21263.77,regime BULLISH confidence 0.56 below 0.6 -> REDUCE
2026-06-24T10:15:59.023819+00:00,BTCUSDT,BEARISH,0.8852,trend_following_short,TRADE,NONE,,,,,,,,21263.769999999993,"regime BEARISH confidence 0.89, account healthy -> TRADE at default risk budget; playbook trend_following_short emitted no signal"
2026-06-24T10:15:59.023819+00:00,BTCUSDT,BULLISH,0.9138000000000001,trend_following_long,TRADE,NONE,,,,,,,,21263.769999999993,"regime BULLISH confidence 0.91, account healthy -> TRADE at default risk budget; playbook trend_following_long emitted no signal"
2026-06-24T10:15:59.024872+00:00,BTCUSDT,TRANSITIONING,0.366,NONE,PAUSE,NONE,,,,,,,,21263.769999999993,"regime TRANSITIONING (low confidence (0.37) on BULLISH -> downgraded to TRANSITIONING) -> PAUSE, no playbook trusted"
2026-06-24T10:15:59.025776+00:00,BTCUSDT,BULLISH,0.4266,trend_following_long,REDUCE,LONG,115899.0047,850.55,5,112422.0346,122852.945,112422.0346,-127.58,21136.19,regime BULLISH confidence 0.43 below 0.6 -> REDUCE
2026-06-24T10:15:59.026732+00:00,BTCUSDT,CHOPPY,0.5,mean_reversion_range,REDUCE,NONE,,,,,,,,21136.18999999999,regime CHOPPY confidence 0.50 below 0.6 -> REDUCE; playbook mean_reversion_range emitted no signal
2026-06-24T10:15:59.026732+00:00,BTCUSDT,BEARISH,0.9188,trend_following_short,TRADE,SHORT,112422.0346,1268.17,4,115794.6956,105676.7125,115794.6956,-152.18,20984.01,"regime BEARISH confidence 0.92, account healthy -> TRADE at default risk budget"
2026-06-24T10:15:59.027728+00:00,BTCUSDT,TRANSITIONING,0.9,NONE,PAUSE,NONE,,,,,,,,20984.00999999999,"regime TRANSITIONING (news_shock_flag triggered forced TRANSITIONING) -> PAUSE, no playbook trusted"
2026-06-24T10:15:59.028730+00:00,BTCUSDT,CHOPPY,0.5,mean_reversion_range,REDUCE,SHORT,115794.6956,262.3,2,119268.5365,108847.0139,119268.5365,-15.74,20968.27,regime CHOPPY confidence 0.50 below 0.6 -> REDUCE
2026-06-24T10:15:59.029731+00:00,BTCUSDT,BEARISH,0.6978,trend_following_short,REDUCE,NONE,,,,,,,,20968.26999999999,3 consecutive losses >= limit 3 -> REDUCE risk budget; playbook trend_following_short emitted no signal
2026-06-24T10:15:59.029731+00:00,BTCUSDT,BULLISH,0.9794,trend_following_long,REDUCE,SHORT,119268.5365,838.73,2,122846.5926,112112.4243,112112.4243,100.65,21068.92,3 consecutive losses >= limit 3 -> REDUCE risk budget
2026-06-24T10:15:59.030730+00:00,BTCUSDT,BULLISH,0.4168,trend_following_long,REDUCE,NONE,,,,,,,,21068.91999999999,regime BULLISH confidence 0.42 below 0.6 -> REDUCE; playbook trend_following_long emitted no signal
2026-06-24T10:15:59.030730+00:00,BTCUSDT,BULLISH,0.8308000000000001,trend_following_long,TRADE,NONE,,,,,,,,21068.91999999999,"regime BULLISH confidence 0.83, account healthy -> TRADE at default risk budget; playbook trend_following_long emitted no signal"
2026-06-24T10:15:59.031728+00:00,BTCUSDT,CHOPPY,0.5,mean_reversion_range,REDUCE,SHORT,112112.4243,263.36,2,115475.797,105385.6788,105385.6788,31.6,21100.52,regime CHOPPY confidence 0.50 below 0.6 -> REDUCE
2026-06-24T10:15:59.031728+00:00,BTCUSDT,TRANSITIONING,0.9,NONE,PAUSE,NONE,,,,,,,,21100.51999999999,"regime TRANSITIONING (news_shock_flag triggered forced TRANSITIONING) -> PAUSE, no playbook trusted"
2026-06-24T10:15:59.032727+00:00,BTCUSDT,CHOPPY,0.5,mean_reversion_range,REDUCE,SHORT,105385.6788,263.76,2,108547.2492,99062.5381,108547.2492,-15.83,21084.69,regime CHOPPY confidence 0.50 below 0.6 -> REDUCE
2026-06-24T10:15:59.032727+00:00,BTCUSDT,TRANSITIONING,0.9,NONE,PAUSE,NONE,,,,,,,,21084.689999999988,"regime TRANSITIONING (news_shock_flag triggered forced TRANSITIONING) -> PAUSE, no playbook trusted"
2026-06-24T10:15:59.033724+00:00,BTCUSDT,BULLISH,0.7194,trend_following_long,TRADE,LONG,108547.2492,1686.78,5,105290.8317,115060.0842,105290.8317,-253.02,20831.67,"regime BULLISH confidence 0.72, account healthy -> TRADE at default risk budget"
2026-06-24T10:15:59.033724+00:00,BTCUSDT,BEARISH,0.7183999999999999,trend_following_short,TRADE,LONG,105290.8317,1249.9,4,102132.1067,111608.2816,102132.1067,-149.99,20681.68,"regime BEARISH confidence 0.72, account healthy -> TRADE at default risk budget"
2026-06-24T10:15:59.034720+00:00,BTCUSDT,CHOPPY,0.5,mean_reversion_range,REDUCE,SHORT,102132.1067,258.52,1,105196.0699,96004.1803,105196.0699,-7.76,20673.92,3 consecutive losses >= limit 3 -> REDUCE risk budget
2026-06-24T10:15:59.035861+00:00,BTCUSDT,CHOPPY,0.627,mean_reversion_range,REDUCE,NONE,,,,,,,,20673.919999999987,4 consecutive losses >= limit 3 -> REDUCE risk budget; playbook mean_reversion_range emitted no signal
2026-06-24T10:15:59.035861+00:00,BTCUSDT,CHOPPY,0.5,mean_reversion_range,REDUCE,SHORT,105196.0699,258.42,1,108351.952,98884.3057,108351.952,-7.75,20666.17,4 consecutive losses >= limit 3 -> REDUCE risk budget
2026-06-24T10:15:59.036818+00:00,BTCUSDT,BULLISH,0.6842,trend_following_long,REDUCE,SHORT,108351.952,826.65,2,111602.5106,101850.8349,111602.5106,-49.6,20616.57,5 consecutive losses >= limit 3 -> REDUCE risk budget
2026-06-24T10:15:59.036818+00:00,BTCUSDT,CHOPPY,0.809,mean_reversion_range,REDUCE,SHORT,111602.5106,257.71,1,114950.5859,104906.36,104906.36,15.46,20632.03,6 consecutive losses >= limit 3 -> REDUCE risk budget
2026-06-24T10:15:59.037829+00:00,BTCUSDT,BEARISH,0.7622,trend_following_short,TRADE,SHORT,104906.36,1237.92,4,108053.5508,98611.9784,108053.5508,-148.55,20483.48,"regime BEARISH confidence 0.76, account healthy -> TRADE at default risk budget"
2026-06-24T10:15:59.037829+00:00,BTCUSDT,CHOPPY,0.5,mean_reversion_range,REDUCE,NONE,,,,,,,,20483.47999999999,regime CHOPPY confidence 0.50 below 0.6 -> REDUCE; playbook mean_reversion_range emitted no signal
2026-06-24T10:15:59.038816+00:00,BTCUSDT,CHOPPY,0.5,mean_reversion_range,REDUCE,SHORT,108053.5508,256.04,2,111295.1573,101570.3378,101570.3378,30.72,20514.2,regime CHOPPY confidence 0.50 below 0.6 -> REDUCE
